Honorific Title,First Name,Last Name,Constituency,Province / Territory,Political Affiliation,Start Date,End Date,Email,Website,Language
Hon.,Diane,Ablonczy,Calgary—Nose Hill,Alberta,Conservative,5/2/2011 0:00,,diane.ablonczy@parl.gc.ca,www.dianeablonczy.com,English
,Eve,Adams,Mississauga—Brampton South,Ontario,Conservative,5/2/2011 0:00,,Eve.Adams@parl.gc.ca,eveadamsmp.ca,English
,Mark,Adler,York Centre,Ontario,Conservative,5/2/2011 0:00,,Mark.Adler@parl.gc.ca,www.markadler.ca,English
Hon.,Leona,Aglukkaq,Nunavut,Nunavut,Conservative,5/2/2011 0:00,,leona.aglukkaq@parl.gc.ca,www.leonaaglukkaq.ca/EN/5215,English
,Dan,Albas,Okanagan—Coquihalla,British Columbia,Conservative,5/2/2011 0:00,,Dan.Albas@parl.gc.ca,www.danalbas.com,English
,Harold,Albrecht,Kitchener—Conestoga,Ontario,Conservative,5/2/2011 0:00,,harold.albrecht@parl.gc.ca,www.haroldalbrechtmp.ca,English
Hon.,Chris,Alexander,Ajax—Pickering,Ontario,Conservative,5/2/2011 0:00,,Chris.Alexander@parl.gc.ca,www.chrisalexander.ca,English
,Malcolm,Allen,Welland,Ontario,NDP,5/2/2011 0:00,,malcolm.allen@parl.gc.ca,malcolmallen.ndp.ca,English
,Mike,Allen,Tobique—Mactaquac,New Brunswick,Conservative,5/2/2011 0:00,,mike.allen@parl.gc.ca,www.mikeallenmp.ca,English
,Dean,Allison,Niagara West—Glanbrook,Ontario,Conservative,5/2/2011 0:00,,dean.allison@parl.gc.ca,www.deanallison.ca,English
,Stella,Ambler,Mississauga South,Ontario,Conservative,5/2/2011 0:00,,Stella.Ambler@parl.gc.ca,www.stellaambler.ca,English
Hon.,Rona,Ambrose,Edmonton—Spruce Grove,Alberta,Conservative,5/2/2011 0:00,,rona.ambrose@parl.gc.ca,www.ronaambrose.com,English
,Rob,Anders,Calgary West,Alberta,Conservative,5/2/2011 0:00,,rob.anders@parl.gc.ca,www.robanders.ca,English
,David,Anderson,Cypress Hills—Grasslands,Saskatchewan,Conservative,5/2/2011 0:00,,david.anderson@parl.gc.ca,www.davidanderson.ca,English
,Scott,Andrews,Avalon,Newfoundland and Labrador,Liberal,5/2/2011 0:00,,scott.andrews@parl.gc.ca,www.scottandrews.ca,English
,Charlie,Angus,Timmins—James Bay,Ontario,NDP,5/2/2011 0:00,,charlie.angus@parl.gc.ca,charlieangus.ndp.ca,English
,Scott,Armstrong,Cumberland—Colchester—Musquodoboit Valley,Nova Scotia,Conservative,5/2/2011 0:00,,scott.armstrong@parl.gc.ca,www.scottarmstrongmp.ca,English
Hon.,Keith,Ashfield,Fredericton,New Brunswick,Conservative,5/2/2011 0:00,,keith.ashfield@parl.gc.ca,,English
,Niki,Ashton,Churchill,Manitoba,NDP,5/2/2011 0:00,,niki.ashton@parl.gc.ca,www.nikiashton.ndp.ca,English
,Jay,Aspin,Nipissing—Timiskaming,Ontario,Conservative,5/2/2011 0:00,,Jay.Aspin@parl.gc.ca,www.jayaspin.ca,English
,Alex,Atamanenko,British Columbia Southern Interior,British Columbia,NDP,5/2/2011 0:00,,alex.atamanenko@parl.gc.ca,alexatamanenko.ndp.ca,English
,Robert,Aubin,Trois-Rivières,Québec,NDP,5/2/2011 0:00,,Robert.Aubin@parl.gc.ca,robertaubin.ndp.ca,French
,Paulina,Ayala,Honoré-Mercier,Québec,NDP,5/2/2011 0:00,,Paulina.Ayala@parl.gc.ca,paulinaayala.ndp.ca,French
Hon.,John,Baird,Ottawa West—Nepean,Ontario,Conservative,5/2/2011 0:00,,john.baird@parl.gc.ca,www.johnbaird.com,English
,Joyce,Bateman,Winnipeg South Centre,Manitoba,Conservative,5/2/2011 0:00,,Joyce.Bateman@parl.gc.ca,,English
Hon.,Mauril,Bélanger,Ottawa—Vanier,Ontario,Liberal,5/2/2011 0:00,,mauril.belanger@parl.gc.ca,www.mauril.ca,French
,André,Bellavance,Richmond—Arthabaska,Québec,Bloc Québécois,5/2/2011 0:00,,andre.bellavance@parl.gc.ca,www.andrebellavance.qc.ca/abellavance.asp?no=5493,French
Hon.,Carolyn,Bennett,St. Paul's,Ontario,Liberal,5/2/2011 0:00,,carolyn.bennett@parl.gc.ca,www.carolynbennett.ca,English
,Leon,Benoit,Vegreville—Wainwright,Alberta,Conservative,5/2/2011 0:00,,leon.benoit@parl.gc.ca,www.leonbenoit.ca,English
,Tyrone,Benskin,Jeanne-Le Ber,Québec,NDP,5/2/2011 0:00,,Tyrone.Benskin@parl.gc.ca,tyronebenskin.ndp.ca,English
Hon.,Candice,Bergen,Portage—Lisgar,Manitoba,Conservative,5/2/2011 0:00,,candice.bergen@parl.gc.ca,www.candicebergen.ca,English
Hon.,Maxime,Bernier,Beauce,Québec,Conservative,5/2/2011 0:00,,maxime.bernier@parl.gc.ca,www.maximebernier.com/en,French
,Dennis,Bevington,Western Arctic,Northwest Territories,NDP,5/2/2011 0:00,,dennis.bevington@parl.gc.ca,www.dennisbevington.ca,English
,James,Bezan,Selkirk—Interlake,Manitoba,Conservative,5/2/2011 0:00,,james.bezan@parl.gc.ca,www.jamesbezan.com,English
,Denis,Blanchette,Louis-Hébert,Québec,NDP,5/2/2011 0:00,,Denis.Blanchette@parl.gc.ca,denisblanchette.ndp.ca,French
,Lysane,Blanchette-Lamothe,Pierrefonds—Dollard,Québec,NDP,5/2/2011 0:00,,Lysane.Blanchette-Lamothe@parl.gc.ca,lysaneblanchettelamothe.ndp.ca,French
Hon.,Steven,Blaney,Lévis—Bellechasse,Québec,Conservative,5/2/2011 0:00,,steven.blaney@parl.gc.ca,www.stevenblaney.ca,French
,Kelly,Block,Saskatoon—Rosetown—Biggar,Saskatchewan,Conservative,5/2/2011 0:00,,kelly.block@parl.gc.ca,www.kellyblock.ca,English
,Françoise,Boivin,Gatineau,Québec,NDP,5/2/2011 0:00,,Francoise.Boivin@parl.gc.ca,www.francoiseboivin.com/en,French
,Charmaine,Borg,Terrebonne—Blainville,Québec,NDP,5/2/2011 0:00,,Charmaine.Borg@parl.gc.ca,www.charmaineborg.info,French
,Ray,Boughen,Palliser,Saskatchewan,Conservative,5/2/2011 0:00,,ray.boughen@parl.gc.ca,rayboughen.ca/index.php?docID=9,English
,Alexandre,Boulerice,Rosemont—La Petite-Patrie,Québec,NDP,5/2/2011 0:00,,Alexandre.Boulerice@parl.gc.ca,www.boulerice.org/index.php/en,French
,Marjolaine,Boutin-Sweet,Hochelaga,Québec,NDP,5/2/2011 0:00,,Marjolaine.Boutin-Sweet@parl.gc.ca,marjolaineboutinsweet.ndp.ca,French
,Tarik,Brahmi,Saint-Jean,Québec,NDP,5/2/2011 0:00,,Tarik.Brahmi@parl.gc.ca,tarikbrahmi.ndp.ca,French
,Peter,Braid,Kitchener—Waterloo,Ontario,Conservative,5/2/2011 0:00,,peter.braid@parl.gc.ca,www.peterbraid.ca,English
,Garry,Breitkreuz,Yorkton—Melville,Saskatchewan,Conservative,5/2/2011 0:00,,garry.breitkreuz@parl.gc.ca,www.garrybreitkreuz.com,English
Hon.,Scott,Brison,Kings—Hants,Nova Scotia,Liberal,5/2/2011 0:00,,scott.brison@parl.gc.ca,www.brison.ca,English
,Ruth Ellen,Brosseau,Berthier—Maskinongé,Québec,NDP,5/2/2011 0:00,,RuthEllen.Brosseau@parl.gc.ca,ruthellenbrosseau.ndp.ca,French
,Gordon,Brown,Leeds—Grenville,Ontario,Conservative,5/2/2011 0:00,,gord.brown@parl.gc.ca,www.gordbrown.com/home.html,English
,Lois,Brown,Newmarket—Aurora,Ontario,Conservative,5/2/2011 0:00,,lois.brown@parl.gc.ca,www.loisbrown.ca,English
,Patrick,Brown,Barrie,Ontario,Conservative,5/2/2011 0:00,,patrick.brown@parl.gc.ca,www.servingbarrie.com,English
,Rod,Bruinooge,Winnipeg South,Manitoba,Conservative,5/2/2011 0:00,,rod.bruinooge@parl.gc.ca,www.bruinooge.ca,English
,Brad,Butt,Mississauga—Streetsville,Ontario,Conservative,5/2/2011 0:00,,Brad.Butt@parl.gc.ca,,English
Hon.,Gerry,Byrne,Humber—St. Barbe—Baie Verte,Newfoundland and Labrador,Liberal,5/2/2011 0:00,,gerry.byrne@parl.gc.ca,www.gerrybyrne.ca,English
,Paul,Calandra,Oak Ridges—Markham,Ontario,Conservative,5/2/2011 0:00,,paul.calandra@parl.gc.ca,www.paulcalandra.com,English
,Blaine,Calkins,Wetaskiwin,Alberta,Conservative,5/2/2011 0:00,,blaine.calkins@parl.gc.ca,www.blainecalkinsmp.com,English
Hon.,Ron,Cannan,Kelowna—Lake Country,British Columbia,Conservative,5/2/2011 0:00,,ron.cannan@parl.gc.ca,www.cannan.ca,English
,John,Carmichael,Don Valley West,Ontario,Conservative,5/2/2011 0:00,,John.Carmichael@parl.gc.ca,www.johncarmichael.ca,English
,Guy,Caron,Rimouski-Neigette—Témiscouata—Les Basques,Québec,NDP,5/2/2011 0:00,,Guy.Caron@parl.gc.ca,guycaron.ndp.ca,French
,Colin,Carrie,Oshawa,Ontario,Conservative,5/2/2011 0:00,,colin.carrie@parl.gc.ca,www.colincarriemp.ca,English
,Sean,Casey,Charlottetown,Prince Edward Island,Liberal,5/2/2011 0:00,,Sean.Casey@parl.gc.ca,seancasey.liberal.ca,English
,Andrew,Cash,Davenport,Ontario,NDP,5/2/2011 0:00,,Andrew.Cash@parl.gc.ca,andrewcash.ca,English
,Chris,Charlton,Hamilton Mountain,Ontario,NDP,5/2/2011 0:00,,chris.charlton@parl.gc.ca,www.chrischarlton.ca,English
,Sylvain,Chicoine,Châteauguay—Saint-Constant,Québec,NDP,5/2/2011 0:00,,Sylvain.Chicoine@parl.gc.ca,sylvainchicoine.ndp.ca,French
,Robert,Chisholm,Dartmouth—Cole Harbour,Nova Scotia,NDP,5/2/2011 0:00,,Robert.Chisholm@parl.gc.ca,robertchisholm.ndp.ca,English
,Corneliu,Chisu,Pickering—Scarborough East,Ontario,Conservative,5/2/2011 0:00,,Corneliu.Chisu@parl.gc.ca,www.corneliuchisu.ca,English
Hon.,Michael,Chong,Wellington—Halton Hills,Ontario,Conservative,5/2/2011 0:00,,michael.chong@parl.gc.ca,www.michaelchong.ca,English
,François,Choquette,Drummond,Québec,NDP,5/2/2011 0:00,,Francois.Choquette@parl.gc.ca,v1.francoischoquette.ndp.ca,French
,Olivia,Chow,Trinity—Spadina,Ontario,NDP,5/2/2011 0:00,,olivia.chow@parl.gc.ca,www.oliviachow.ca,English
,David,Christopherson,Hamilton Centre,Ontario,NDP,5/2/2011 0:00,,david.christopherson@parl.gc.ca,davidchristopherson.ndp.ca,English
,Rob,Clarke,Desnethé—Missinippi—Churchill River,Saskatchewan,Conservative,5/2/2011 0:00,,rob.clarke@parl.gc.ca,www.robclarkemp.ca,English
,Ryan,Cleary,St. John's South—Mount Pearl,Newfoundland and Labrador,NDP,5/2/2011 0:00,,Ryan.Cleary@parl.gc.ca,ryancleary.ndp.ca,English
Hon.,Tony,Clement,Parry Sound—Muskoka,Ontario,Conservative,5/2/2011 0:00,,tony.clement@parl.gc.ca,www.tonyclement.ca,English
,Joe,Comartin,Windsor—Tecumseh,Ontario,NDP,5/2/2011 0:00,,joe.comartin@parl.gc.ca,www.joecomartin.ca,English
,Raymond,Côté,Beauport—Limoilou,Québec,NDP,5/2/2011 0:00,,Raymond.Cote@parl.gc.ca,raymondcote.ndp.ca,French
Hon.,Irwin,Cotler,Mount Royal,Québec,Liberal,5/2/2011 0:00,,irwin.cotler@parl.gc.ca,irwincotler.liberal.ca,English
,Joan,Crockatt,Calgary Centre,Alberta,Conservative,11/26/2012 0:00,,Joan.Crockatt@parl.gc.ca,joancrockatt.ca,English
,Jean,Crowder,Nanaimo—Cowichan,British Columbia,NDP,5/2/2011 0:00,,jean.crowder@parl.gc.ca,www.jeancrowder.ca,English
,Nathan,Cullen,Skeena—Bulkley Valley,British Columbia,NDP,5/2/2011 0:00,,nathan.cullen@parl.gc.ca,www.nathancullen.ca,English
,Rodger,Cuzner,Cape Breton—Canso,Nova Scotia,Liberal,5/2/2011 0:00,,rodger.cuzner@parl.gc.ca,rodgercuzner.liberal.ca,English
,Joe,Daniel,Don Valley East,Ontario,Conservative,5/2/2011 0:00,,Joe.Daniel@parl.gc.ca,www.joedaniel.ca,English
,Patricia,Davidson,Sarnia—Lambton,Ontario,Conservative,5/2/2011 0:00,,pat.davidson@parl.gc.ca,www.patriciadavidson.ca,English
,Don,Davies,Vancouver Kingsway,British Columbia,NDP,5/2/2011 0:00,,don.davies@parl.gc.ca,dondavies.ndp.ca,English
,Libby,Davies,Vancouver East,British Columbia,NDP,5/2/2011 0:00,,libby.davies@parl.gc.ca,www.libbydavies.ca,English
,Anne-Marie,Day,Charlesbourg—Haute-Saint-Charles,Québec,NDP,5/2/2011 0:00,,Anne-Marie.Day@parl.gc.ca,annemarieday.ndp.ca,French
,Bob,Dechert,Mississauga—Erindale,Ontario,Conservative,5/2/2011 0:00,,bob.dechert@parl.gc.ca,bobdechertmp.ca,English
,Dean,Del Mastro,Peterborough,Ontario,Conservative Independent,5/2/2011 0:00,,dean.delmastro@parl.gc.ca,www.deandelmastro.ca,English
,Barry,Devolin,Haliburton—Kawartha Lakes—Brock,Ontario,Conservative,5/2/2011 0:00,,barry.devolin@parl.gc.ca,www.barrydevolin.ca,English
,Paul,Dewar,Ottawa Centre,Ontario,NDP,5/2/2011 0:00,,paul.dewar@parl.gc.ca,www.pauldewar.ca,English
Hon.,Stéphane,Dion,Saint-Laurent—Cartierville,Québec,Liberal,5/2/2011 0:00,,stephane.dion@parl.gc.ca,stephanedion.liberal.ca/en,French
,Pierre,Dionne Labelle,Rivière-du-Nord,Québec,NDP,5/2/2011 0:00,,Pierre.DionneLabelle@parl.gc.ca,pierredionnelabelle.ndp.ca,French
,Fin,Donnelly,New Westminster—Coquitlam,British Columbia,NDP,5/2/2011 0:00,,fin.donnelly@parl.gc.ca,,English
,Rosane,Doré Lefebvre,Alfred-Pellan,Québec,NDP,5/2/2011 0:00,,Rosane.DoreLefebvre@parl.gc.ca,v1.rosanedorelefebvre.ndp.ca,French
,Earl,Dreeshen,Red Deer,Alberta,Conservative,5/2/2011 0:00,,earl.dreeshen@parl.gc.ca,www.earldreeshen.ca/about.htm,English
,Matthew,Dubé,Chambly—Borduas,Québec,NDP,5/2/2011 0:00,,Matthew.Dube@parl.gc.ca,matthewdube.ndp.ca,French
,Emmanuel,Dubourg,Bourassa,Québec,Liberal,11/25/2013 0:00,,Emmanuel.Dubourg@parl.gc.ca,,French
Hon.,John,Duncan,Vancouver Island North,British Columbia,Conservative,5/2/2011 0:00,,john.duncan@parl.gc.ca,johnduncanmp.com,English
,Kirsty,Duncan,Etobicoke North,Ontario,Liberal,5/2/2011 0:00,,kirsty.duncan@parl.gc.ca,kirstyduncan.liberal.ca,English
,Linda,Duncan,Edmonton—Strathcona,Alberta,NDP,5/2/2011 0:00,,linda.duncan@parl.gc.ca,lindaduncan.ndp.ca,English
,Pierre-Luc,Dusseault,Sherbrooke,Québec,NDP,5/2/2011 0:00,,Pierre-Luc.Dusseault@parl.gc.ca,v1.pierrelucdusseault.ndp.ca,French
,Rick,Dykstra,St. Catharines,Ontario,Conservative,5/2/2011 0:00,,rick.dykstra@parl.gc.ca,www.rickdykstra.ca,English
Hon.,Wayne,Easter,Malpeque,Prince Edward Island,Liberal,5/2/2011 0:00,,wayne.easter@parl.gc.ca,www.wayneeaster.com,English
Hon.,Mark,Eyking,Sydney—Victoria,Nova Scotia,Liberal,5/2/2011 0:00,,mark.eyking@parl.gc.ca,markeyking.liberal.ca,English
,Ted,Falk,Provencher,Manitoba,Conservative,11/25/2013 0:00,,Ted.Falk@parl.gc.ca,,English
Hon.,Julian,Fantino,Vaughan,Ontario,Conservative,5/2/2011 0:00,,julian.fantino@parl.gc.ca,www.julianfantino.ca/home,English
Hon.,Ed,Fast,Abbotsford,British Columbia,Conservative,5/2/2011 0:00,,ed.fast@parl.gc.ca,www.edfast.ca,English
Hon.,Kerry-Lynne D.,Findlay,Delta—Richmond East,British Columbia,Conservative,5/2/2011 0:00,,Kerry-Lynne.Findlay@parl.gc.ca,www.kerrylynnefindlaymp.ca,English
Hon.,Diane,Finley,Haldimand—Norfolk,Ontario,Conservative,5/2/2011 0:00,,diane.finley@parl.gc.ca,www.dianefinley.ca,English
Hon.,Jim,Flaherty,Whitby—Oshawa,Ontario,Conservative,5/2/2011 0:00,,jim.flaherty@parl.gc.ca,www.jimflahertymp.ca,English
Hon.,Steven,Fletcher,Charleswood—St. James—Assiniboia,Manitoba,Conservative,5/2/2011 0:00,,steven.fletcher@parl.gc.ca,www.stevenfletcher.com,English
,Judy,Foote,Random—Burin—St. George's,Newfoundland and Labrador,Liberal,5/2/2011 0:00,,judy.foote@parl.gc.ca,www.judyfoote.liberal.ca,English
,Jean-François,Fortin,Haute-Gaspésie—La Mitis—Matane—Matapédia,Québec,Bloc Québécois,5/2/2011 0:00,,Jean-Francois.Fortin@parl.gc.ca,www.jffortin.info/accueil.html,French
,Chrystia,Freeland,Toronto Centre,Ontario,Liberal,11/25/2013 0:00,,Chrystia.Freeland@parl.gc.ca,,English
,Mylène,Freeman,Argenteuil—Papineau—Mirabel,Québec,NDP,5/2/2011 0:00,,Mylene.Freeman@parl.gc.ca,mylenefreeman.ndp.ca,French
Hon.,Hedy,Fry,Vancouver Centre,British Columbia,Liberal,5/2/2011 0:00,,hedy.fry@parl.gc.ca,www.hedyfry.com,English
,Royal,Galipeau,Ottawa—Orléans,Ontario,Conservative,5/2/2011 0:00,,royal.galipeau@parl.gc.ca,www.royalgalipeau.ca/about,French
,Cheryl,Gallant,Renfrew—Nipissing—Pembroke,Ontario,Conservative,5/2/2011 0:00,,cheryl.gallant@parl.gc.ca,www.cherylgallant.com,English
,Marc,Garneau,Westmount—Ville-Marie,Québec,Liberal,5/2/2011 0:00,,marc.garneau@parl.gc.ca,marcgarneau.liberal.ca/en,English
,Randall,Garrison,Esquimalt—Juan de Fuca,British Columbia,NDP,5/2/2011 0:00,,Randall.Garrison@parl.gc.ca,randallgarrison.ndp.ca,English
,Réjean,Genest,Shefford,Québec,NDP,5/2/2011 0:00,,Rejean.Genest@parl.gc.ca,rejeangenest.ndp.ca,French
,Jonathan,Genest-Jourdain,Manicouagan,Québec,NDP,5/2/2011 0:00,,Jonathan.Genest-Jourdain@parl.gc.ca,jonathangenestjourdain.ndp.ca,French
,Alain,Giguère,Marc-Aurèle-Fortin,Québec,NDP,5/2/2011 0:00,,Alain.Giguere@parl.gc.ca,v1.alaingiguere.ndp.ca,French
,Parm,Gill,Brampton—Springdale,Ontario,Conservative,5/2/2011 0:00,,Parm.Gill@parl.gc.ca,www.parmgill.ca,English
Hon.,Shelly,Glover,Saint Boniface,Manitoba,Conservative,5/2/2011 0:00,,shelly.glover@parl.gc.ca,www.shellyglover.ca,English
,Yvon,Godin,Acadie—Bathurst,New Brunswick,NDP,5/2/2011 0:00,,yvon.godin@parl.gc.ca,www.yvongodin.ndp.ca,French
,Robert,Goguen,Moncton—Riverview—Dieppe,New Brunswick,Conservative,5/2/2011 0:00,,Robert.Goguen@parl.gc.ca,www.robertgoguen.ca,English
,Peter,Goldring,Edmonton East,Alberta,Conservative,5/2/2011 0:00,,peter.goldring@parl.gc.ca,www.petergoldring.com,English
Hon.,Ralph,Goodale,Wascana,Saskatchewan,Liberal,5/2/2011 0:00,,ralph.goodale@parl.gc.ca,ralphgoodale.liberal.ca,English
Hon.,Gary,Goodyear,Cambridge,Ontario,Conservative,5/2/2011 0:00,,gary.goodyear@parl.gc.ca,www.garygoodyear.com,English
Hon.,Bal,Gosal,Bramalea—Gore—Malton,Ontario,Conservative,5/2/2011 0:00,,Bal.Gosal@parl.gc.ca,www.balgosal.com,English
,Jacques,Gourde,Lotbinière—Chutes-de-la-Chaudière,Québec,Conservative,5/2/2011 0:00,,jacques.gourde@parl.gc.ca,www.jacquesgourde.ca/?option=com_content,French
,Claude,Gravelle,Nickel Belt,Ontario,NDP,5/2/2011 0:00,,claude.gravelle@parl.gc.ca,claudegravelle.ca,English
,Nina,Grewal,Fleetwood—Port Kells,British Columbia,Conservative,5/2/2011 0:00,,nina.grewal@parl.gc.ca,www.ninagrewal.ca,English
,Sadia,Groguhé,Saint-Lambert,Québec,NDP,5/2/2011 0:00,,Sadia.Groguhe@parl.gc.ca,sadiagroguhe.ndp.ca,French
Right Hon.,Stephen,Harper,Calgary Southwest,Alberta,Conservative,5/2/2011 0:00,,stephen.harper@parl.gc.ca,www.pm.gc.ca,English
,Dan,Harris,Scarborough Southwest,Ontario,NDP,5/2/2011 0:00,,Dan.Harris@parl.gc.ca,danharris.ndp.ca,English
,Jack,Harris,St. John's East,Newfoundland and Labrador,NDP,5/2/2011 0:00,,jack.harris@parl.gc.ca,jackharris.ndp.ca,English
,Richard,Harris,Cariboo—Prince George,British Columbia,Conservative,5/2/2011 0:00,,richard.harris@parl.gc.ca,www.dickharris.ca,English
,Sana,Hassainia,Verchères—Les Patriotes,Québec,NDP,5/2/2011 0:00,,Sana.Hassainia@parl.gc.ca,sanahassainia.ndp.ca,French
Hon.,Laurie,Hawn,Edmonton Centre,Alberta,Conservative,5/2/2011 0:00,,laurie.hawn@parl.gc.ca,www.lauriehawnmp.ca,English
,Bryan,Hayes,Sault Ste. Marie,Ontario,Conservative,5/2/2011 0:00,,Bryan.Hayes@parl.gc.ca,www.bryanhayes.ca,English
,Russ,Hiebert,South Surrey—White Rock—Cloverdale,British Columbia,Conservative,5/2/2011 0:00,,russ.hiebert@parl.gc.ca,www.russhiebert.ca,English
,Jim,Hillyer,Lethbridge,Alberta,Conservative,5/2/2011 0:00,,Jim.Hillyer@parl.gc.ca,,English
,Randy,Hoback,Prince Albert,Saskatchewan,Conservative,5/2/2011 0:00,,randy.hoback@parl.gc.ca,www.mprandyhoback.ca,English
,Ed,Holder,London West,Ontario,Conservative,5/2/2011 0:00,,ed.holder@parl.gc.ca,www.edholder.ca,English
,Ted,Hsu,Kingston and the Islands,Ontario,Liberal,5/2/2011 0:00,,Ted.Hsu@parl.gc.ca,tedhsu.liberal.ca,English
,Carol,Hughes,Algoma—Manitoulin—Kapuskasing,Ontario,NDP,5/2/2011 0:00,,carol.hughes@parl.gc.ca,carolhughes.ndp.ca,English
,Bruce,Hyer,Thunder Bay—Superior North,Ontario,Green Party,5/2/2011 0:00,,bruce.hyer@parl.gc.ca,www.brucehyer.ca,English
,Pierre,Jacob,Brome—Missisquoi,Québec,NDP,5/2/2011 0:00,,Pierre.Jacob@parl.gc.ca,v1.pierrejacob.ndp.ca,French
,Roxanne,James,Scarborough Centre,Ontario,Conservative,5/2/2011 0:00,,Roxanne.James@parl.gc.ca,www.roxannejames.ca,English
,Yvonne,Jones,Labrador,Newfoundland and Labrador,Liberal,5/13/2013 0:00,,Yvonne.Jones@parl.gc.ca,yvonnejones.liberal.ca,English
,Peter,Julian,Burnaby—New Westminster,British Columbia,NDP,5/2/2011 0:00,,peter.julian@parl.gc.ca,www.peterjulian.ca,English
,Randy,Kamp,Pitt Meadows—Maple Ridge—Mission,British Columbia,Conservative,5/2/2011 0:00,,randy.kamp@parl.gc.ca,www.randykamp.com,English
Hon.,Jim,Karygiannis,Scarborough—Agincourt,Ontario,Liberal,5/2/2011 0:00,,jim.karygiannis@parl.gc.ca,www.karygiannismp.com,English
,Gerald,Keddy,South Shore—St. Margaret's,Nova Scotia,Conservative,5/2/2011 0:00,,gerald.keddy@parl.gc.ca,www.geraldkeddymp.ca,English
,Matthew,Kellway,Beaches—East York,Ontario,NDP,5/2/2011 0:00,,Matthew.Kellway@parl.gc.ca,matthewkellway.ndp.ca,English
Hon.,Jason,Kenney,Calgary Southeast,Alberta,Conservative,5/2/2011 0:00,,jason.kenney@parl.gc.ca,www.jasonkenney.com,English
Hon.,Peter,Kent,Thornhill,Ontario,Conservative,5/2/2011 0:00,,peter.kent@parl.gc.ca,www.peterkent.ca/about-peter-kent,English
,Greg,Kerr,West Nova,Nova Scotia,Conservative,5/2/2011 0:00,,greg.kerr@parl.gc.ca,www.gregkerrmp.ca,English
,Ed,Komarnicki,Souris—Moose Mountain,Saskatchewan,Conservative,5/2/2011 0:00,,ed.komarnicki@parl.gc.ca,www.edkom.ca,English
,Daryl,Kramp,Prince Edward—Hastings,Ontario,Conservative,5/2/2011 0:00,,daryl.kramp@parl.gc.ca,www.darylkramp.ca/index.html,English
Hon.,Mike,Lake,Edmonton—Mill Woods—Beaumont,Alberta,Conservative,5/2/2011 0:00,,mike.lake@parl.gc.ca,www.mikelake.ca,English
,Kevin,Lamoureux,Winnipeg North,Manitoba,Liberal,5/2/2011 0:00,,kevin.lamoureux@parl.gc.ca,kevinlamoureux.liberal.ca,English
,François,Lapointe,Montmagny—L'Islet—Kamouraska—Rivière-du-Loup,Québec,NDP,5/2/2011 0:00,,Francois.Lapointe@parl.gc.ca,francoislapointe.ndp.ca,French
,Jean-François,Larose,Repentigny,Québec,NDP,5/2/2011 0:00,,Jean-Francois.Larose@parl.gc.ca,jeanfrancoislarose.ndp.ca,French
,Alexandrine,Latendresse,Louis-Saint-Laurent,Québec,NDP,5/2/2011 0:00,,Alexandrine.Latendresse@parl.gc.ca,alexandrinelatendresse.ndp.ca,French
,Guy,Lauzon,Stormont—Dundas—South Glengarry,Ontario,Conservative,5/2/2011 0:00,,guy.lauzon@parl.gc.ca,www.guylauzon.ca,English
,Hélène,Laverdière,Laurier—Sainte-Marie,Québec,NDP,5/2/2011 0:00,,Helene.Laverdiere@parl.gc.ca,helenelaverdiere.ndp.ca,French
Hon.,Denis,Lebel,Roberval—Lac-Saint-Jean,Québec,Conservative,5/2/2011 0:00,,denis.lebel@parl.gc.ca,www.denislebel.ca,French
Hon.,Dominic,LeBlanc,Beauséjour,New Brunswick,Liberal,5/2/2011 0:00,,dominic.leblanc@parl.gc.ca,www.dominicleblanc.ca,French
,Hélène,LeBlanc,LaSalle—Émard,Québec,NDP,5/2/2011 0:00,,Helene.LeBlanc@parl.gc.ca,v1.heleneleblanc.ndp.ca,French
,Ryan,Leef,Yukon,Yukon,Conservative,5/2/2011 0:00,,Ryan.Leef@parl.gc.ca,www.ryanleef.ca,English
Hon.,Kellie,Leitch,Simcoe—Grey,Ontario,Conservative,5/2/2011 0:00,,Kellie.Leitch@parl.gc.ca,,English
,Pierre,Lemieux,Glengarry—Prescott—Russell,Ontario,Conservative,5/2/2011 0:00,,pierre.lemieux@parl.gc.ca,www.pierrelemieux.ca,English
,Megan,Leslie,Halifax,Nova Scotia,NDP,5/2/2011 0:00,,megan.leslie@parl.gc.ca,www.meganleslie.ca,English
,Chungsen,Leung,Willowdale,Ontario,Conservative,5/2/2011 0:00,,Chungsen.Leung@parl.gc.ca,www.chungsenleung.ca,English
,Laurin,Liu,Rivière-des-Mille-Îles,Québec,NDP,5/2/2011 0:00,,Laurin.Liu@parl.gc.ca,laurinliu.ndp.ca,French
,Wladyslaw,Lizon,Mississauga East—Cooksville,Ontario,Conservative,5/2/2011 0:00,,Wladyslaw.Lizon@parl.gc.ca,wladyslawlizon.ca,English
,Ben,Lobb,Huron—Bruce,Ontario,Conservative,5/2/2011 0:00,,ben.lobb@parl.gc.ca,www.benlobb.com/index.html,English
,Tom,Lukiwski,Regina—Lumsden—Lake Centre,Saskatchewan,Conservative,5/2/2011 0:00,,tom.lukiwski@parl.gc.ca,www.lukiwski.ca,English
,James,Lunney,Nanaimo—Alberni,British Columbia,Conservative,5/2/2011 0:00,,james.lunney@parl.gc.ca,www.jameslunneymp.ca,English
Hon.,Lawrence,MacAulay,Cardigan,Prince Edward Island,Liberal,5/2/2011 0:00,,lawrence.macaulay@parl.gc.ca,lawrencemacaulay.liberal.ca,English
Hon.,Peter,MacKay,Central Nova,Nova Scotia,Conservative,5/2/2011 0:00,,peter.mackay@parl.gc.ca,www.petermackay.ca,English
,Dave,MacKenzie,Oxford,Ontario,Conservative,5/2/2011 0:00,,dave.mackenzie@parl.gc.ca,www.davemackenzie.ca,English
,Larry,Maguire,Brandon—Souris,Manitoba,Conservative,11/25/2013 0:00,,Larry.Maguire@parl.gc.ca,HTTP://www.larrymaguire.ca,English
,Hoang,Mai,Brossard—La Prairie,Québec,NDP,5/2/2011 0:00,,Hoang.Mai@parl.gc.ca,v1.hoangmai.ndp.ca,French
,Wayne,Marston,Hamilton East—Stoney Creek,Ontario,NDP,5/2/2011 0:00,,wayne.marston@parl.gc.ca,www.waynemarston.ndp.ca,English
,Pat,Martin,Winnipeg Centre,Manitoba,NDP,5/2/2011 0:00,,pat.martin@parl.gc.ca,patmartin.ndp.ca,English
,Brian,Masse,Windsor West,Ontario,NDP,5/2/2011 0:00,,brian.masse@parl.gc.ca,www.brianmasse.ca,English
,Irene,Mathyssen,London—Fanshawe,Ontario,NDP,5/2/2011 0:00,,irene.mathyssen@parl.gc.ca,www.irenemathyssen.ca,English
,Elizabeth,May,Saanich—Gulf Islands,British Columbia,Green Party,5/2/2011 0:00,,Elizabeth.May@parl.gc.ca,,English
,Colin,Mayes,Okanagan—Shuswap,British Columbia,Conservative,5/2/2011 0:00,,colin.mayes@parl.gc.ca,colinmayes.ca,English
Hon.,John,McCallum,Markham—Unionville,Ontario,Liberal,5/2/2011 0:00,,john.mccallum@parl.gc.ca,johnmccallum.liberal.ca,English
,Phil,McColeman,Brant,Ontario,Conservative,5/2/2011 0:00,,phil.mccoleman@parl.gc.ca,www.philmccolemanmp.ca,English
,David,McGuinty,Ottawa South,Ontario,Liberal,5/2/2011 0:00,,david.mcguinty@parl.gc.ca,www.davidmcguinty.com,English
Hon.,John,McKay,Scarborough—Guildwood,Ontario,Liberal,5/2/2011 0:00,,john.mckay@parl.gc.ca,www.johnmckaymp.on.ca,English
,Cathy,McLeod,Kamloops—Thompson—Cariboo,British Columbia,Conservative,5/2/2011 0:00,,cathy.mcleod@parl.gc.ca,www.cathymcleod.com,English
,Costas,Menegakis,Richmond Hill,Ontario,Conservative,5/2/2011 0:00,,Costas.Menegakis@parl.gc.ca,www.costasmenegakis.ca,English
Hon.,Rob,Merrifield,Yellowhead,Alberta,Conservative,5/2/2011 0:00,,rob.merrifield@parl.gc.ca,www.merrifieldmp.com,English
,Élaine,Michaud,Portneuf—Jacques-Cartier,Québec,NDP,5/2/2011 0:00,,Elaine.Michaud@parl.gc.ca,elainemichaud.ndp.ca,French
,Larry,Miller,Bruce—Grey—Owen Sound,Ontario,Conservative,5/2/2011 0:00,,larry.miller@parl.gc.ca,www.larrymiller.ca,English
,Christine,Moore,Abitibi—Témiscamingue,Québec,NDP,5/2/2011 0:00,,Christine.Moore@parl.gc.ca,www.christinemoore.ndp.ca,French
Hon.,James,Moore,Port Moody—Westwood—Port Coquitlam,British Columbia,Conservative,5/2/2011 0:00,,james.moore@parl.gc.ca,www.jamesmoore.org,English
Hon.,Rob,Moore,Fundy Royal,New Brunswick,Conservative,5/2/2011 0:00,,rob.moore@parl.gc.ca,www.robmooremp.com,English
,Dany,Morin,Chicoutimi—Le Fjord,Québec,NDP,5/2/2011 0:00,,Dany.Morin@parl.gc.ca,danymorin.ndp.ca,French
,Isabelle,Morin,Notre-Dame-de-Grâce—Lachine,Québec,NDP,5/2/2011 0:00,,Isabelle.Morin@parl.gc.ca,isabellemorin.ndp.ca,French
,Marc-André,Morin,Laurentides—Labelle,Québec,NDP,5/2/2011 0:00,,Marc-Andre.Morin@parl.gc.ca,marcandremorin.ndp.ca,French
,Marie-Claude,Morin,Saint-Hyacinthe—Bagot,Québec,NDP,5/2/2011 0:00,,Marie-Claude.Morin@parl.gc.ca,marieclaudemorin.ndp.ca,French
,Maria,Mourani,Ahuntsic,Québec,Independent,5/2/2011 0:00,,maria.mourani@parl.gc.ca,www.mariamourani.org,French
Hon.,Thomas,Mulcair,Outremont,Québec,NDP,5/2/2011 0:00,,thomas.mulcair@parl.gc.ca,thomasmulcair.ndp.ca/home,French
,Joyce,Murray,Vancouver Quadra,British Columbia,Liberal,5/2/2011 0:00,,joyce.murray@parl.gc.ca,joycemurray.liberal.ca,English
,Pierre,Nantel,Longueuil—Pierre-Boucher,Québec,NDP,5/2/2011 0:00,,Pierre.Nantel@parl.gc.ca,pierrenantel.ndp.ca,French
,Peggy,Nash,Parkdale—High Park,Ontario,NDP,5/2/2011 0:00,,Peggy.Nash@parl.gc.ca,www.peggynash.ca,English
,Jamie,Nicholls,Vaudreuil-Soulanges,Québec,NDP,5/2/2011 0:00,,Jamie.Nicholls@parl.gc.ca,jamienicholls.ndp.ca,English
Hon.,Rob,Nicholson,Niagara Falls,Ontario,Conservative,5/2/2011 0:00,,rob.nicholson@parl.gc.ca,www.robnicholson.ca,English
,Rick,Norlock,Northumberland—Quinte West,Ontario,Conservative,5/2/2011 0:00,,rick.norlock@parl.gc.ca,www.ricknorlock.ca,English
,José,Nunez-Melo,Laval,Québec,NDP,5/2/2011 0:00,,Jose.Nunez-Melo@parl.gc.ca,josenunezmelo.ndp.ca,French
Hon.,Deepak,Obhrai,Calgary East,Alberta,Conservative,5/2/2011 0:00,,deepak.obhrai@parl.gc.ca,www.deepakobhrai.com,English
Hon.,Gordon,O'Connor,Carleton—Mississippi Mills,Ontario,Conservative,5/2/2011 0:00,,gordon.oconnor@parl.gc.ca,www.gordonoconnor.ca,English
Hon.,Joe,Oliver,Eglinton—Lawrence,Ontario,Conservative,5/2/2011 0:00,,Joe.Oliver@parl.gc.ca,www.joeoliver.ca,English
,Tilly,O'Neill Gordon,Miramichi,New Brunswick,Conservative,5/2/2011 0:00,,tilly.oneillgordon@parl.gc.ca,www.tillygordon.ca,English
,Ted,Opitz,Etobicoke Centre,Ontario,Conservative,5/2/2011 0:00,,Ted.Opitz@parl.gc.ca,www.tedopitz.ca,English
,Erin,O'Toole,Durham,Ontario,Conservative,11/26/2012 0:00,,Erin.OToole@parl.gc.ca,erinotoole.ca,English
,Massimo,Pacetti,Saint-Léonard—Saint-Michel,Québec,Liberal,5/2/2011 0:00,,massimo.pacetti@parl.gc.ca,massimopacetti.liberal.ca/en,English
,Annick,Papillon,Québec,Québec,NDP,5/2/2011 0:00,,Annick.Papillon@parl.gc.ca,annickpapillon.ndp.ca,French
Hon.,Christian,Paradis,Mégantic—L'Érable,Québec,Conservative,5/2/2011 0:00,,christian.paradis@parl.gc.ca,www.christianparadis.ca/?lang=en,French
,Claude,Patry,Jonquière—Alma,Québec,Bloc Québécois,5/2/2011 0:00,,Claude.Patry@parl.gc.ca,,French
,LaVar,Payne,Medicine Hat,Alberta,Conservative,5/2/2011 0:00,,lavar.payne@parl.gc.ca,www.lavarpayne.ca,English
,Ève,Péclet,La Pointe-de-l'Île,Québec,NDP,5/2/2011 0:00,,Eve.Peclet@parl.gc.ca,v1.evepeclet.ndp.ca,French
,Manon,Perreault,Montcalm,Québec,NDP,5/2/2011 0:00,,Manon.Perreault@parl.gc.ca,manonperreault.ndp.ca,French
,François,Pilon,Laval—Les Îles,Québec,NDP,5/2/2011 0:00,,Francois.Pilon@parl.gc.ca,www.facebook.com/pages/Fran%C3%A7ois-Pilon-NPD-Laval-Les-%C3%8Eles/320062026235?sk=wall,French
,Louis,Plamondon,Bas-Richelieu—Nicolet—Bécancour,Québec,Bloc Québécois,5/2/2011 0:00,,louis.plamondon@parl.gc.ca,www.louisplamondon.com,French
Hon.,Pierre,Poilievre,Nepean—Carleton,Ontario,Conservative,5/2/2011 0:00,,pierre.poilievre@parl.gc.ca,pierremp.ca,English
,Joe,Preston,Elgin—Middlesex—London,Ontario,Conservative,5/2/2011 0:00,,joe.preston@parl.gc.ca,www.joeprestonmp.ca,English
,Anne Minh-Thu,Quach,Beauharnois—Salaberry,Québec,NDP,5/2/2011 0:00,,AnneMinh-Thu.Quach@parl.gc.ca,anneminhthuquach.ndp.ca,French
,John,Rafferty,Thunder Bay—Rainy River,Ontario,NDP,5/2/2011 0:00,,john.rafferty@parl.gc.ca,www.johnrafferty.ndp.ca,English
Hon.,Lisa,Raitt,Halton,Ontario,Conservative,5/2/2011 0:00,,lisa.raitt@parl.gc.ca,lisaraittmp.ca,English
,James,Rajotte,Edmonton—Leduc,Alberta,Conservative,5/2/2011 0:00,,james.rajotte@parl.gc.ca,www.jamesrajottemp.ca,English
,Murray,Rankin,Victoria,British Columbia,NDP,11/26/2012 0:00,,Murray.Rankin@parl.gc.ca,murrayrankin.ndp.ca,English
,Brent,Rathgeber,Edmonton—St. Albert,Alberta,Independent,5/2/2011 0:00,,brent.rathgeber@parl.gc.ca,www.brentrathgeber.ca,English
,Mathieu,Ravignat,Pontiac,Québec,NDP,5/2/2011 0:00,,Mathieu.Ravignat@parl.gc.ca,mathieuravignat.ndp.ca,French
,Francine,Raynault,Joliette,Québec,NDP,5/2/2011 0:00,,Francine.Raynault@parl.gc.ca,francineraynault.ndp.ca,French
Hon.,Geoff,Regan,Halifax West,Nova Scotia,Liberal,5/2/2011 0:00,,geoff.regan@parl.gc.ca,www.geoffregan.ca,English
,Scott,Reid,Lanark—Frontenac—Lennox and Addington,Ontario,Conservative,5/2/2011 0:00,,scott.reid@parl.gc.ca,www.scottreid.ca,English
Hon.,Michelle,Rempel,Calgary Centre-North,Alberta,Conservative,5/2/2011 0:00,,Michelle.Rempel@parl.gc.ca,www.michellerempel.ca,English
,Blake,Richards,Wild Rose,Alberta,Conservative,5/2/2011 0:00,,blake.richards@parl.gc.ca,www.blakerichards.ca,English
Hon.,Greg,Rickford,Kenora,Ontario,Conservative,5/2/2011 0:00,,greg.rickford@parl.gc.ca,www.gregrickford.ca/?language_id=0,English
Hon.,Gerry,Ritz,Battlefords—Lloydminster,Saskatchewan,Conservative,5/2/2011 0:00,,gerry.ritz@parl.gc.ca,www.gerryritzmp.com,English
,Jean,Rousseau,Compton—Stanstead,Québec,NDP,5/2/2011 0:00,,Jean.Rousseau@parl.gc.ca,jeanrousseau.ndp.ca,French
,Romeo,Saganash,Abitibi—Baie-James—Nunavik—Eeyou,Québec,NDP,5/2/2011 0:00,,Romeo.Saganash@parl.gc.ca,romeosaganash.ndp.ca,French
,Jasbir,Sandhu,Surrey North,British Columbia,NDP,5/2/2011 0:00,,Jasbir.Sandhu@parl.gc.ca,jasbirsandhu.ndp.ca,English
,Andrew,Saxton,North Vancouver,British Columbia,Conservative,5/2/2011 0:00,,andrew.saxton@parl.gc.ca,www.andrewsaxton.ca,English
,Francis,Scarpaleggia,Lac-Saint-Louis,Québec,Liberal,5/2/2011 0:00,,francis.scarpaleggia@parl.gc.ca,,English
Hon.,Andrew,Scheer,Regina—Qu'Appelle,Saskatchewan,Conservative,5/2/2011 0:00,,andrew.scheer@parl.gc.ca,www.andrewmp.ca,English
,Gary,Schellenberger,Perth—Wellington,Ontario,Conservative,5/2/2011 0:00,,gary.schellenberger@parl.gc.ca,schellenberger.ca,English
,Craig,Scott,Toronto—Danforth,Ontario,NDP,3/19/2012 0:00,,craig.scott@parl.gc.ca,craigscott.ndp.ca,English
,Kyle,Seeback,Brampton West,Ontario,Conservative,5/2/2011 0:00,,Kyle.Seeback@parl.gc.ca,www.kyleseeback.ca,English
,Djaouida,Sellah,Saint-Bruno—Saint-Hubert,Québec,NDP,5/2/2011 0:00,,Djaouida.Sellah@parl.gc.ca,www.djaouidasellah.ndp.ca,French
Hon.,Judy,Sgro,York West,Ontario,Liberal,5/2/2011 0:00,,judy.sgro@parl.gc.ca,www.judysgro.com,English
Hon.,Gail,Shea,Egmont,Prince Edward Island,Conservative,5/2/2011 0:00,,gail.shea@parl.gc.ca,gailshea.ca,English
,Bev,Shipley,Lambton—Kent—Middlesex,Ontario,Conservative,5/2/2011 0:00,,bev.shipley@parl.gc.ca,www.bevshipley.ca,English
,Devinder,Shory,Calgary Northeast,Alberta,Conservative,5/2/2011 0:00,,devinder.shory@parl.gc.ca,devindershory.ca,English
,Scott,Simms,Bonavista—Gander—Grand Falls—Windsor,Newfoundland and Labrador,Liberal,5/2/2011 0:00,,scott.simms@parl.gc.ca,www.scottsimms.com,English
,Jinny Jogindera,Sims,Newton—North Delta,British Columbia,NDP,5/2/2011 0:00,,Jinny.Sims@parl.gc.ca,v1.jinnysims.ndp.ca,English
,Rathika,Sitsabaiesan,Scarborough—Rouge River,Ontario,NDP,5/2/2011 0:00,,Rathika.Sitsabaiesan@parl.gc.ca,rathikasitsabaiesan.ndp.ca,English
,Joy,Smith,Kildonan—St. Paul,Manitoba,Conservative,5/2/2011 0:00,,joy.smith@parl.gc.ca,www.joysmith.ca,English
,Robert,Sopuck,Dauphin—Swan River—Marquette,Manitoba,Conservative,5/2/2011 0:00,,robert.sopuck@parl.gc.ca,www.robertsopuck.ca,English
Hon.,Kevin,Sorenson,Crowfoot,Alberta,Conservative,5/2/2011 0:00,,kevin.sorenson@parl.gc.ca,www.kevinsorenson.ca,English
,Bruce,Stanton,Simcoe North,Ontario,Conservative,5/2/2011 0:00,,bruce.stanton@parl.gc.ca,www.brucestanton.ca,English
,Lise,St-Denis,Saint-Maurice—Champlain,Québec,Liberal,5/2/2011 0:00,,Lise.St-Denis@parl.gc.ca,,French
,Kennedy,Stewart,Burnaby—Douglas,British Columbia,NDP,5/2/2011 0:00,,Kennedy.Stewart@parl.gc.ca,www.kennedystewart.ca,English
,Peter,Stoffer,Sackville—Eastern Shore,Nova Scotia,NDP,5/2/2011 0:00,,peter.stoffer@parl.gc.ca,peterstoffer.ndp.ca,English
,Brian,Storseth,Westlock—St. Paul,Alberta,Conservative,5/2/2011 0:00,,brian.storseth@parl.gc.ca,www.brianstorseth.ca,English
,Mark,Strahl,Chilliwack—Fraser Canyon,British Columbia,Conservative,5/2/2011 0:00,,Mark.Strahl@parl.gc.ca,www.markstrahl.com,English
,Mike,Sullivan,York South—Weston,Ontario,NDP,5/2/2011 0:00,,Mike.Sullivan@parl.gc.ca,mikesullivan.ndp.ca,English
,David,Sweet,Ancaster—Dundas—Flamborough—Westdale,Ontario,Conservative,5/2/2011 0:00,,david.sweet@parl.gc.ca,www.davidsweet.ca,English
,Glenn,Thibeault,Sudbury,Ontario,NDP,5/2/2011 0:00,,glenn.thibeault@parl.gc.ca,v1.glennthibeault.ndp.ca,English
,David,Tilson,Dufferin—Caledon,Ontario,Conservative,5/2/2011 0:00,,david.tilson@parl.gc.ca,www.davidtilson.ca,English
,Lawrence,Toet,Elmwood—Transcona,Manitoba,Conservative,5/2/2011 0:00,,Lawrence.Toet@parl.gc.ca,www.lawrencetoet.ca/default.asp,English
,Philip,Toone,Gaspésie—Îles-de-la-Madeleine,Québec,NDP,5/2/2011 0:00,,Philip.Toone@parl.gc.ca,philiptoone.ndp.ca,French
,Jonathan,Tremblay,Montmorency—Charlevoix—Haute-Côte-Nord,Québec,NDP,5/2/2011 0:00,,Jonathan.Tremblay@parl.gc.ca,jonathantremblay.ndp.ca,French
,Brad,Trost,Saskatoon—Humboldt,Saskatchewan,Conservative,5/2/2011 0:00,,brad.trost@parl.gc.ca,www.bradtrost.ca,English
,Bernard,Trottier,Etobicoke—Lakeshore,Ontario,Conservative,5/2/2011 0:00,,Bernard.Trottier@parl.gc.ca,www.bernardtrottiermp.ca,English
,Justin,Trudeau,Papineau,Québec,Liberal,5/2/2011 0:00,,justin.trudeau@parl.gc.ca,,French
,Susan,Truppe,London North Centre,Ontario,Conservative,5/2/2011 0:00,,Susan.Truppe@parl.gc.ca,,English
,Nycole,Turmel,Hull—Aylmer,Québec,NDP,5/2/2011 0:00,,Nycole.Turmel@parl.gc.ca,nycoleturmel.ndp.ca,French
Hon.,Tim,Uppal,Edmonton—Sherwood Park,Alberta,Conservative,5/2/2011 0:00,,tim.uppal@parl.gc.ca,www.timuppal.ca,English
Hon.,Bernard,Valcourt,Madawaska—Restigouche,New Brunswick,Conservative,5/2/2011 0:00,,Bernard.Valcourt@parl.gc.ca,,French
,Frank,Valeriote,Guelph,Ontario,Liberal,5/2/2011 0:00,,Frank.valeriote@parl.gc.ca,www.frankvaleriotemp.ca,English
,Dave,Van Kesteren,Chatham-Kent—Essex,Ontario,Conservative,5/2/2011 0:00,,dave.vankesteren@parl.gc.ca,www.davevankesteren.ca,English
Hon.,Peter,Van Loan,York—Simcoe,Ontario,Conservative,5/2/2011 0:00,,peter.vanloan@parl.gc.ca,www.petervanloan.com,English
,Maurice,Vellacott,Saskatoon—Wanuskewin,Saskatchewan,Conservative,5/2/2011 0:00,,maurice.vellacott@parl.gc.ca,www.mauricevellacott.ca,English
,Mike,Wallace,Burlington,Ontario,Conservative,5/2/2011 0:00,,mike.wallace@parl.gc.ca,www.mikewallacemp.ca,English
,Mark,Warawa,Langley,British Columbia,Conservative,5/2/2011 0:00,,mark.warawa@parl.gc.ca,www.markwarawa.com,English
,Chris,Warkentin,Peace River,Alberta,Conservative,5/2/2011 0:00,,chris.warkentin@parl.gc.ca,www.chriswarkentin.ca,English
,Jeff,Watson,Essex,Ontario,Conservative,5/2/2011 0:00,,jeff.watson@parl.gc.ca,www.jeffwatsonmp.ca,English
,John,Weston,West Vancouver—Sunshine Coast—Sea to Sky Country,British Columbia,Conservative,5/2/2011 0:00,,john.weston@parl.gc.ca,www.johnweston.ca,English
,Rodney,Weston,Saint John,New Brunswick,Conservative,5/2/2011 0:00,,rodney.weston@parl.gc.ca,www.rodneyweston.ca,English
,David,Wilks,Kootenay—Columbia,British Columbia,Conservative,5/2/2011 0:00,,David.Wilks@parl.gc.ca,www.david-wilks.ca/home,English
,John,Williamson,New Brunswick Southwest,New Brunswick,Conservative,5/2/2011 0:00,,John.Williamson@parl.gc.ca,johnwilliamsonmp.com,English
Hon.,Alice,Wong,Richmond,British Columbia,Conservative,5/2/2011 0:00,,alice.wong@parl.gc.ca,www.alicewong.ca,English
,Stephen,Woodworth,Kitchener Centre,Ontario,Conservative,5/2/2011 0:00,,stephen.woodworth@parl.gc.ca,www.stephenwoodworth.ca,English
Hon.,Lynne,Yelich,Blackstrap,Saskatchewan,Conservative,5/2/2011 0:00,,lynne.yelich@parl.gc.ca,www.lynneyelich.ca,English
,Terence,Young,Oakville,Ontario,Conservative,5/2/2011 0:00,,terence.young@parl.gc.ca,www.terenceyoung.com,English
,Wai,Young,Vancouver South,British Columbia,Conservative,5/2/2011 0:00,,Wai.Young@parl.gc.ca,waiyoung.ca,English
,Bob,Zimmer,Prince George—Peace River,British Columbia,Conservative,5/2/2011 0:00,,Bob.Zimmer@parl.gc.ca,www.bobzimmer.ca,English
